index,used,title,channel,date,url,context,keyword
0,0,[인터뷰] 개발자가 말하는 차세대소형위성 / KBS  2023.05.26.,KBS News,2023-05-27,https://www.youtube.com/watch?v=lcVSSKIXX8w,보신 것처럼 누리호를 타고 간 가장 중요한 탑승객은 차세대 소형위성 2호입니다. 무사히 목표 궤도에 자리를 잡았고 여러 차례 교신도 ...,코딩테스트
1,0,100%뛰좀+속도조절X / 인디스톤 개발자의 신맵?! 더커담 한달살기! (2일차),이군88,2023-05-26,https://www.youtube.com/watch?v=uRG432aYa_Q,,코딩테스트
2,0,"[소주 한 잔, 개발 한 줄] EP01. 개발자의 전망, 개발자가 되는 과정",흥달쌤,2023-05-26,https://www.youtube.com/watch?v=EIyTqO3W7mc,"소주 한 잔, 개발 한 줄은 흥달쌤의 주관적인 이야기들을 바탕으로 제작되었으며, '개발자의 삶'에 대해 이야기 나누는 시간입니다.",코딩테스트
3,0,[독서광] 필독! 개발자 온보딩 가이드,박재호,2023-05-26,https://www.youtube.com/watch?v=8V2GFN7ag6Q,"오늘은 ""필독! 개발자 온보딩 가이드 "" 책을 소개합니다. 00:00 도입 00:45 한 페이지 요약 03:50 이 책의 목차 11:38 무엇이 이 책을 ...",코딩테스트
4,0,불닭볶음면 개발자가 먹는 방법,범쿡,2023-05-26,https://www.youtube.com/watch?v=ZoSJT6mm8Z4,김가루 까먹음.. #불닭볶음면 #콘치즈불닭볶음면 #불닭볶음면먹방 #firenoodles 영상 소스 및 레시피 원본 @Diggle ...,코딩테스트
5,1,가장 돈을 잘 버는 개발자는 어떤 분야에서 일할까,한상훈,2023-05-26,https://www.youtube.com/watch?v=bfLkij_gVTg,,코딩테스트
6,0,프론트엔드개발자 강의 기초부터 실습 위주의 교육,chaems,2023-05-26,https://www.youtube.com/watch?v=X1Vs_UgFkMs,프론트엔드개발자 #프론트엔드개발자강의 #프론트엔드개발자강좌 #프론트엔드개발자기초 #프론트엔드개발자인강 #프론트엔드 ...,코딩테스트
7,0,"한국판 지미 팰런 쇼로 돌아왔다! 초특급 게스트, 크랩주행 개발자와 360도 심층 토크!! │므브스뉴스 EP.24",HYUNDAI MOBIS I 현대모비스,2023-05-26,https://www.youtube.com/watch?v=ckDREo2CkEk,새롭게 개편된 므브스 뉴스!! 어떻게 달라졌을까요? 장안의 화제인 토픽을 선정해 유익하면서도 재밌게 심층적으로 여러분께 전해 ...,코딩테스트
8,0,1인 개발자의 삶은 어떨까?│개발사 습격기 Ep.7,시아 스튜디오 SIA STUDIO,2023-05-26,https://www.youtube.com/watch?v=64YGi1CqXVI,개습기 #개발사습격기 #레전드오브킹덤 대한민국 게임 개발사 응원 프로젝트   개발사 습격기   이번엔 어디로 갔을까?,코딩테스트
9,0,[프로그래밍 개발자 학원] DNN Models (심층 신경망 모델),휴먼티브이,2023-05-26,https://www.youtube.com/watch?v=yibMsZLXSps,"안녕하세요 휴먼티브이입니다 오늘의 교육내용은 DNN Models (심층 신경망 모델) 교육 과정입니다 재밌게 보셨으면 구독,좋아요, ...",코딩테스트
10,0,패스트푸드점 매니저에서 개발자로 취업했습니다. (ft.모두가 잠든밤 출연) [개발자 취업 부트캠프 항해99],개발자 취업은 항해99,2023-05-26,https://www.youtube.com/watch?v=F4BzlZkR3jE,"""반년 전만 해도 패스트푸드점 매니저로 근무했는데, 지금 개발자로 출근하고 있는 상황 자체가 새롭고 놀라워요."" - 스포츠투아이 ...",코딩테스트
11,0,"경험많은 4년차 개발자의 취업, 현실, 경력, 연봉 Q&amp;A",구디아카데미,2023-05-26,https://www.youtube.com/watch?v=Z_Q1QX2579w,"구디아카데미에서 SI, 스타트업, 중견기업 등의 경력을 거친 4년차 실무 개발자분을 모시고 비전공자를 위한 개발자 취업과 실무 꿀팁 ...",코딩테스트
12,0,어둠 속에 나 홀로 리메이크 - 개발자 11분 게임 소개 영상 (한글자막cc)ㅣ지금 스팀에서 데모 플레이 가능,빅존슨,2023-05-26,https://www.youtube.com/watch?v=f5OUFGS1AK8,"스팀 https://store.steampowered.com/app/1310410/Alone_in_the_Dark/ 제목: Alone in the Dark 장르: 액션, 어드벤처 개발자: ...",코딩테스트
13,0,챗GPT 게임 개발자 사용 방법!! 더 늦기전에 빨리 보고 실전 사용하세요!!,게임모션마스터 / GMM / Game Motion Master ,2023-05-26,https://www.youtube.com/watch?v=TVFSx6uwUNc,요즘 AI 발달에 얼만큼 적응하고 있으신가요? 하루라도 빨리 영상 보시고 실무에 사용하세요!,코딩테스트
14,0,N사 개발자 전문연구요원의면접질문과 답변내용,IN THIS WORK · 인디스워크,2023-05-26,https://www.youtube.com/watch?v=IGhoX9ykpu0,풀버전 보러가기 : https://youtu.be/5fQhI_QnVLw 글로벌기업의 신입 및 주니어경력 채용공고 보러가기 : https://inthiswork.com/ 인디 ...,코딩테스트
15,0,프리랜서디자이너작가장윤정개발자장석준김애경장윤정computersmartcar,장윤정,2023-05-26,https://www.youtube.com/watch?v=RsLkM4if8c4,,코딩테스트
16,0,(야숨2) 저곳도 개발자가 열심히 기믹 만들어 놨을텐데.. 【 시노미야 루나 / 브이스포 】,루아흐 클립 창고,2023-05-26,https://www.youtube.com/watch?v=_4YpKVMN5ZA,브이스포! 등록번호 : 05124 【ぶいすぽっ！許諾番号：05124】 원본영상 ...,코딩테스트
17,1,N사 백엔드 개발자가 수상한오픈 인프라 개발 경진대회 내용,IN THIS WORK · 인디스워크,2023-05-26,https://www.youtube.com/watch?v=4Rkrpa_-8Ao,풀버전 보러가기 : https://youtu.be/5fQhI_QnVLw 글로벌기업의 신입 및 주니어경력 채용공고 보러가기 : https://inthiswork.com/ 인디 ...,코딩테스트
18,0,프리랜서디자이너작가장윤정개발자장석준김애경장윤정,장윤정,2023-05-26,https://www.youtube.com/watch?v=kvYyp5F41sc,,코딩테스트
19,0,[Simple Quiz] 오늘의 교육과정 : 기업프로젝트 SW개발자﻿🍀취뽀 가보자✨,대한상공회의소서울기술교육센터,2023-05-26,https://www.youtube.com/watch?v=h19O1rZ2tlE,안녕하세요~! 대한상공회의소 서울기술교육센터입니다 오늘은 서울기술교육센터에서 현재 모집중에 있는 기업프로젝트 SW ...,코딩테스트
20,0,개발자 취업 성공 비결이요? 이웅모 강사님께서 멱살 잡고 끌고 가주시더라고요. [프론트엔드 스쿨],제로베이스,2023-05-26,https://www.youtube.com/watch?v=ZRYSM_tQdh8,프론트엔드개발자 #개발자취업 #부트캠프 #프론트엔드 프론트엔드 스쿨의 수업 방식은 기존에 접해보지 못했던 새로운 수업 방식 ...,코딩테스트
21,0,"[브이로그] 난 순수미술을 전공한 예비 개발자라구! 게임, 증강현실(AR), 가상현실(VR)그리고 메타버스 개발자. 한국폴리텍대학 광명융합기술교육원 증강현실시스템과",증강현실시스템과,2023-05-26,https://www.youtube.com/watch?v=pwfEuELlHTg,한국폴리텍대학 광명융합기술교육원 증강현실시스템과 입니다. 순수 미술을 전공한 예비 개발자 학생의 브이로그입니다.,코딩테스트
22,0,[#소프트웨어  #네트워크  #개발자 #프리랜서  전용 3인실 월세비용],위드워크 공유사무실,2023-05-26,https://www.youtube.com/watch?v=8uK46xETYI4,네트워크개발자가 이용하기 좋은 사무공간을 소개하도록 하겠습니다 전체 호실 창이 있어 쾌적하며 조용하고 개방감이 좋아 일하기 ...,코딩테스트
23,0,BDO &quot;각성 우사 &amp; 매구 개발자 코멘터리&quot;,JangSS장스스,2023-05-25,https://www.youtube.com/watch?v=H-0MpKixos8,각성우사 기다렸다 ㅎ #우사 #검은사막 #woosa.,코딩테스트
24,0,[취업 특강 #4] 서버 개발자 취업과 근무 경험(2023 5 25),SW공학의모든 것,2023-05-25,https://www.youtube.com/watch?v=pazCO3U6mM4,,코딩테스트
25,0,100%뛰좀+속도조절X / 인디스톤 개발자의 신맵?! 더커담 한달살기!!,이군88,2023-05-25,https://www.youtube.com/watch?v=sLOuQaoDMnk,,코딩테스트
26,0,[검은사막M] PC 우사 &amp; 매구 각성 인게임 최초공개 개발자 코멘터리,액티브TV,2023-05-25,https://www.youtube.com/watch?v=IkiosRmBNJc,투네이션 후원링크 : https://toon.at/donate/active598 ▷비즈니스 이메일 : dmsxor590@daum.net #검은사막m #검은사막모바일 ...,코딩테스트
27,0,&#39;우사&amp;매구&#39; 각성 - 개발자 코멘터리｜검은사막 I Black Desert,검은사막 Black Desert,2023-05-25,https://www.youtube.com/watch?v=gLaULEiTvpQ,"검은사막의 쌍둥이 클래스, 우사와 매구 서로의 잠재력을 받아들이고 내면의 힘을 깨워낸 우사와 매구의 개발자 코멘터리를 만나 ...",코딩테스트
28,0,"각성 우사 전투 트레일러, 각성 매구 스킬 조금, 이무기까지! 개발자 코멘터리 공개!",아리안느,2023-05-25,https://www.youtube.com/watch?v=0X_QA0tCxl4,검은사막 해외서버 아침의 나라 업데이트 기념으로 각성 우사 트레일러를 공개했습니다! 5월 26일 새벽 1시 검은사막 공식채널에서 풀 ...,코딩테스트
29,0,개발자 브이로그 | 입사 2주 전 | 일본 여행,진석입니다,2023-05-25,https://www.youtube.com/watch?v=ngagV1beVqQ,,코딩테스트
30,0,chat gpt를 활용해서 영어컨텐츠 개발자 되기 2강 영상,권대현,2023-05-25,https://www.youtube.com/watch?v=sFU8zHUgv5k,chat gpt를 활용해서 영어컨텐츠 개발자 되기 2강 영상. 영어강사들을 대상으로 한 프롬프트 엔지니어링 라이브 강의 영상중 일부 ...,코딩테스트
31,0,개발자가 회사의 노예가 되서 일하는 경우,한상훈,2023-05-25,https://www.youtube.com/watch?v=QF3WWwF5Els,,코딩테스트
32,0,개발자 남편의 철인3종 머리 올리기 결혼공약 지키기,양요커플 TV,2023-05-25,https://www.youtube.com/watch?v=Us0kzYaEkv4,구독과 좋아요는 정희의 휠 구입에 큰 힘이 됩니다❤️ 기변 가즈아!!!,코딩테스트
33,0,이게 진짜 13살이 만든 게임이라고? 아무래도 천재 개발자가 될 모양이다,호타나,2023-05-25,https://www.youtube.com/watch?v=bKEK4hhMGaA,DeathinProgress #공포게임 구독과 좋아요 제발 부탁드려요ㅠㅠ 게임의 정보는 더보기를 눌러주세요 ! * 호타나 라이브 방송 주소 ...,코딩테스트
34,0,"비전공자 35살 아이 엄마, 개발자로 커리어 전환에 성공!",Code States,2023-05-25,https://www.youtube.com/watch?v=W7fEmKUtSoM,"엄마는 포기하지 않았다고, 아이에게 말해주고 싶어요” “지금 내가 하고 싶은 일을 하는 삶이 행복합니다” 백엔드 부트캠프 모집알림 ...",코딩테스트
35,0,신롯드 개발자가 직접교육하는 원데이특강  - 속눈썹 펌신되기 프로젝트❤️ #노글루펌 #속눈썹펌수강 #애벌레신롯드 #신롯드,속눈썹의 신,2023-05-25,https://www.youtube.com/watch?v=KJBqR3xxrwI,,코딩테스트
36,0,이터널 리턴 개발자 일지 같이 보기3 [모닥불과 요리],톱니고래,2023-05-25,https://www.youtube.com/watch?v=71QAybZ-EM8,저는 따따토입니다 #톱니고래 #이터널리턴 #매그너스.,코딩테스트
37,0,개발자 그만두고 블로그에 올인한 이유｜정태영 작가 2부,부티플 - 부의 배수를 높여라,2023-05-25,https://www.youtube.com/watch?v=zOxwDUkooWE,정태영 작가 저서 '나는 블로그로 월급보다 많이 번다' 구매링크: https://bit.ly/423fuGs ▶️정태영 작가 '쉽게 풀어 소개하는 IT테크' ...,코딩테스트
38,0,2023 5월17일 개발자를 이겨라 [마실]편,판도라의위기 [판위],2023-05-25,https://www.youtube.com/watch?v=kxLNkoTNTSY,테런 #테일즈런너 #개발자.,코딩테스트
39,0,개발자의 의도 따위는 필요 없지 ㅋㅋㅋㅋ,연두의 일상채널,2023-05-25,https://www.youtube.com/watch?v=elHQzEMTZ1w,방송 날짜 : 2023년 05월 22일 방송 - 컨텐츠 : 젤다의 전설 티어스 오브 더 킹덤 - 영상 : 오르카님 ㅡ 연두의 트위치 생방송 ...,코딩테스트
40,0,젤다의 전설 개발자가 숨겨놓은 의도들 : 티어스 오브 더 킹덤,콤므,2023-05-25,https://www.youtube.com/watch?v=Q-sYuD87FFY,"젤다의전설 #젤다의전설티어스오브더킹덤 #젤다 [게임 연구소] 젤다의 게임성은 오래 전부터 검증 받아왔고, 야숨 때 역시 엄청난 ...",코딩테스트
41,0,[항해99 사전설명회 다시보기] 2023년 개발자 채용 전망,개발자 취업은 항해99,2023-05-25,https://www.youtube.com/watch?v=mOEZlYE0YrY,10년 후에도 살아남는 개발자가 되세요 : https://hanghae99.spartacodingclub.kr.,코딩테스트
42,0,[항해99 사전설명회 다시보기] 항해 출신 개발자의 Q&amp;A,개발자 취업은 항해99,2023-05-25,https://www.youtube.com/watch?v=US-mceCt9tY,10년 후에도 살아남는 개발자가 되세요 : https://hanghae99.spartacodingclub.kr.,코딩테스트
43,1,개발자 3분 토론 - AI 는 개발자를 대체할까?,양동준 Yang DongJun,2023-05-25,https://www.youtube.com/watch?v=WfQ30GN84Zo,개발자 ‍   zep에서 진행한 개발자 3분 토론입니다. 재밌게 봐주세요. 링크모음 : https://solo.to/dongjun_yang ‍   인프런 ...,코딩테스트
44,0,(배드워즈 점프맵) 초보~개발자,재워리,2023-05-25,https://www.youtube.com/watch?v=KlCxsq6k40M,,코딩테스트
45,0,그랑블루 판타지 리링크 - 개발자 17분 게임플레이 공개,빅존슨,2023-05-25,https://www.youtube.com/watch?v=qpzhXx9Oajk,"최초 출시일: 2023년 겨울 출시 예정 출시: Cygames 개발: Cygames, 플래티넘게임즈, PlatinumGames Inc. 시리즈: Granblue ...",코딩테스트
46,0,웹개발자와 그의 아내 밈(meme),개발자방16,2023-05-25,https://www.youtube.com/watch?v=3vE94HZIULE,"프로그래밍 또는 웹개발 관련 밈(meme) 중 조금 웃긴 밈을 가져왔습니다. 프로그래머이든 아니든, 어떤 직종의 사람이든, 사람은 ...",코딩테스트
47,0,V Rising 개발자의 미래비전에 나왔던 몹 발견!,까악,2023-05-25,https://www.youtube.com/watch?v=94AvKC01BEM,숨겨놓다니!,코딩테스트
48,0,캠핑카2대 수리비 5만원 원조개발자의 AS,#캠핑박사 김병도,2023-05-25,https://www.youtube.com/watch?v=YrgW-1z_ss0,캠핑 #캠핑카 #999 #이삭캠핑카 #삼부레져칸999 캠핑카레져캠핑카 #캠핑박사 #김병도 #칸 캠핑카 #칸캠핑카 #캠핑카수리 #캠핑카 ...,코딩테스트
49,0,제대로 이해하는 API | 개발자필수지식,큰돌의터전,2023-05-25,https://www.youtube.com/watch?v=9MEnZKjw9H4,"API의 개념, 장점 등을 배웁니다. ▷CS지식의 정석 https://inf.run/17Fb ▷C++ 10주완성 코딩테스트 https://inf.run/xZhA #api.",코딩테스트
50,0,개발자들이 출시하고 버려둔 워테일즈 3회차 Wartales 4,루이스리,2023-05-25,https://www.youtube.com/watch?v=G0BYkj9pb9w,,코딩테스트
51,0,※개발자 오열 주의※ 유저간의 소통이 답답해서 걍 제가 채팅창 만들었습니다 (월드 채팅도 가능),형독방송,2023-05-25,https://www.youtube.com/watch?v=0FvVKfVJszw,트위치TV에서 만나보세요!! https://www.twitch.tv/alstn9947 형독 팬카페 http://cafe.naver.com/alstn9947 비즈니스 문의 ...,코딩테스트
52,0,"문과 출신 35살 아이 엄마, 개발자로 취직!",Code States,2023-05-25,https://www.youtube.com/watch?v=G1J6EdMlP00,문과출신 비전공자는 왜 코드스테이츠를 선택했을까요? 백엔드 개발자 커리어 전환 성공한 염빛나리 님! 코드스테이츠(Code ...,코딩테스트
53,0,게임 개발자들을 미치게 하는 사이트,지금이니?,2023-05-24,https://www.youtube.com/watch?v=5OwfFQDe1UM,사이트 주소: https://www.blockadelabs.com.,코딩테스트
54,0,Full Stack 개발자 길라잡이 특강 1강  by 세종사이버대학교 소프트웨어공학과 (https://sw.sjcu.ac.kr),세종사이버대학교 소프트웨어공학과,2023-05-24,https://www.youtube.com/watch?v=elCpG6TA1zg,Full_Stack_개발자 길라잡이 특강 1강 세종사이버대학교 소프트웨어공학과 유영진 겸임교수 #세종사이버대학교 #소프트웨어공학과 ...,코딩테스트
55,0,캣점프 개발자님 진짜 고소각! 여자편집자님의 노래실력보시고요!(마지막에 반전!눈치빠르신분은 눈치채셨겠네요?나니?!),잼유와 함께하는 게임,2023-05-24,https://www.youtube.com/watch?v=LpUInuz6K1E,,코딩테스트
56,0,연례 개발자 컨퍼런스 마이크로소프트 빌드(Microsoft Build 2023),에이아이맨,2023-05-24,https://www.youtube.com/watch?v=47xSDVjMuwU,연례 개발자 컨퍼런스 마이크로소프트 빌드(Microsoft Build 2023),코딩테스트
57,0,게임 개발자를 욕하면 안되는 이유,[키텔] 텔튜브,2023-05-24,https://www.youtube.com/watch?v=ccqszLfcKAs,너무 재밌는 배구게임 더 스파이크 3편입니다. 다음편이 마지막화에요! 썸네일은 닛몰캐쉬 님들의 영상을 패러디했습니다! 키텔 트 ...,코딩테스트
58,0,Fit한 개발자 채용? 점핏으로 쉽게!,점핏(jumpit),2023-05-24,https://www.youtube.com/watch?v=_dnwF2eAaes,"개발자 찾고 있으신가요? 기술스택 중심의, 다양한 개발 직무의 Fit한 개발자! 점핏으로 만나보세요 점핏만의 꿀 혜택! 신규 ...",코딩테스트
59,0,인생 포기하려다가 개발자로 대기업 가게 만든 이것,우리밋_woorimIT,2023-05-24,https://www.youtube.com/watch?v=Bdx2pKQfVCA,개발자 #대기업 #대기업개발자.,코딩테스트
60,1,프론트엔드 개발자가 React 상태관리 선택이 중요한 이유ㅣ유니콘 기업 현직자,메타코드M,2023-05-24,https://www.youtube.com/watch?v=AT1b0jxmiRY,프론트엔드 #코딩 #react 유니콘 기업 현직자가 추천하는 상태관리 라이브러리 알려드립니다! ▷출연문의 contact us (기업교육 / 책 ...,코딩테스트
61,0,발로란트 개발자도 절대 못 찾을 발로란트 숨바꼭질 ㅋㅋㅋㅋㅋ [발로란트],취미계,2023-05-24,https://www.youtube.com/watch?v=bRt929S0gtE,팬 디코방~ https://discord.gg/9A2MEx6s94 #발로란트 #발로란트숨바꼭질 #발로란트즐겜.,코딩테스트
62,0,플랫폼 개발 비용은 왜 수천만 원이나 할까? 직접 개발자를 채용해서 개발한다면?,"핑거, 무료 앱빌더",2023-05-24,https://www.youtube.com/watch?v=suhgP2HGlcQ,플랫폼 제작은 핑거 https://fingr.io.,코딩테스트
63,0,[개발자 과정] 세상에 자바코딩,휴먼티브이,2023-05-24,https://www.youtube.com/watch?v=XG0J-edjxMU,안녕하세요 휴먼티브이입니다 AI활용 소프트웨어 개발 및 응용 과정을 신청하고 싶으시면 휴먼교육센터 오셔서 방문상담을 신청 ...,코딩테스트
64,0,[이슈] 메이플 환산 시스템 도입 예정❌ 『환산 개발자 푸념글』 논란 정리,메이플 10추 TV ,2023-05-24,https://www.youtube.com/watch?v=NlEvevd5b5c,"메이플#환산스탯#환산개발자 ▷한국 사람이라면 궁금해 할 『메이플』 의 모든 정보,이야기,팁 ▷메이플 10추 TV ▷영상이 유익 ...",코딩테스트
65,0,[Java] 초보 개발자가 많이 하는 실수 10탄 - while과 do-while의 차이점 및 활용법,인천일보아카데미,2023-05-24,https://www.youtube.com/watch?v=SOs3xh4ar1I,인천일보아카데미 튜터가 직접 알려주는 '초보 개발자가 많이 하는 실수'! 10탄은 'while과 do-while의 차이점 및 활용법' 입니다.,코딩테스트
66,0,웹 개발자 국비교육 1개월. 2년 뒤에 어떻게 됐을까?,코딩온 CODINGOn,2023-05-24,https://www.youtube.com/watch?v=mcCYenFuRIA,"2021년, 코딩온의 1개월 과정 수료. 2년이 흐른 2023년, 어떤 결과로 이어졌을까요?",코딩테스트
67,1,ERP 개발에 도전하려는 중년의 자영업자 개발자분께 드리는 주관적 의견,널널한 개발자 TV,2023-05-24,https://www.youtube.com/watch?v=6TSnSl7laIg,건투를 빕니다!! https://www.electronjs.org/ [알아두면 유익한 일렉트론 - 자바스크립트로 데스크톱 애플리케이션 개발하기] ...,코딩테스트
68,0,키보드에 납땜하는 개발자 ⌨️,위대한상상 (요기요),2023-05-24,https://www.youtube.com/watch?v=YaacHXDP-zA,요기요 R&D센터 구성원들의 책상 위를 보면 각자의 개성이 돋보이는 아이템들이 많은데요. 그중에서도 단연 눈에 띄는 것은 바로 ...,코딩테스트
69,0,개발자에게 추천 받은 이름 모를 키보드 👀,위대한상상 (요기요),2023-05-24,https://www.youtube.com/watch?v=KaggF2gkUBg,요기요 R&D센터 구성원들의 책상 위를 보면 각자의 개성이 돋보이는 아이템들이 많은데요. 그중에서도 단연 눈에 띄는 것은 바로 ...,코딩테스트
70,0,2023 5월17일 개발자를 이겨라 [회오리 감자]편,판도라의위기 [판위],2023-05-24,https://www.youtube.com/watch?v=GZ3W5GqYZ5s,테런 #테일즈런너 #개발자.,코딩테스트
71,0,갑툭튀 넘치는 13살 개발자 만든 공포 게임,염소님,2023-05-24,https://www.youtube.com/watch?v=yevoGj3fg8s,방송을 매일 한국 시간 밤 8시 15분에 합니다! 인스터그램: https://www.instagram.com/yeomsonim94/ 디코: ...,코딩테스트
72,0,&quot;AI도 북핵처럼 국제 감시 필요&quot;…AI 대부도 챗GPT 개발자도 &#39;한목소리&#39; 우려 / SBS / 친절한 경제,SBS 뉴스,2023-05-24,https://www.youtube.com/watch?v=vPBBQP6rmsw,"〈앵커〉 친절한 경제, 권애리 기자 나와 있습니다. 인공지능 챗GPT 소식이군요. 이 챗GPT를 만든 사람들이 인공지능의 부작용을 ...",코딩테스트
73,0,개발자는 평생직장? | chatGPT의 영향 | 개인적인 의견,꿈꾸는 개발자,2023-05-23,https://www.youtube.com/watch?v=laPfr1UoCLs,개발자는 평생직장? chatGPT의 영향으로 개발자의 향후에 대해서 개인적인 의견을 말씀드립니다.,코딩테스트
74,0,"개발자 손목 고통 해방, 개발 속도 10배",ARR_,2023-05-23,https://www.youtube.com/watch?v=TthNfEjxsOA,,코딩테스트
75,0,개발자들이 출시하고 버려둔 워테일즈 3회차 Wartales 3,루이스리,2023-05-23,https://www.youtube.com/watch?v=peJME4BWrs4,,코딩테스트
76,0,원조개발자가 뿔났다 999캠핑카원조개발자,#캠핑박사 김병도,2023-05-23,https://www.youtube.com/watch?v=H_gzQhWPp5I,https://youtu.be/0VX9tr7gs5o 원본영상.,코딩테스트
77,0,개발자 모집,닥터 에그맨 Dr.Eggman,2023-05-23,https://www.youtube.com/watch?v=qg1qiUoRjBA,shorts.,코딩테스트
78,0,개발자와 싸워라 [구독 누르기] {아주 짧은 영상},다롱이TV,2023-05-23,https://www.youtube.com/watch?v=4ST_dJKy-vA,서울우유 제조일자가 신선함의 기준! #마인크래프트 #서울우유 #전투.,코딩테스트
79,1,면접 대비. 개발자용 최적화까지.. 핵유용한 ChatGPT 프롬프트 모음!,노마드 코더 Nomad Coders,2023-05-23,https://www.youtube.com/watch?v=WvOWsQp-H3o,모르면 손해라능...! - 자세히 알아보기 https://bit.ly/3IxHLhz - 니꼬쌤이랑 재밌게 코딩 시작하기! https://bit.ly/3nvMlWi.,코딩테스트
80,0,디코 개발자모드 설정방법과 권한들,근호,2023-05-23,https://www.youtube.com/watch?v=PxzCEGzLwV0,,코딩테스트
81,0,[Solutions Showcase] 개발자와 DevOps를 위한 사용 사례 중심의 NGINX Plus API Gateway,NAVER Cloud Platform : 네이버 클라우드 플랫폼,2023-05-23,https://www.youtube.com/watch?v=Y1W9SJXm_T0,가장 빠르고 오류 없는 API Gateway를 찾으시나요? NGINX Plus는 30ms 지연시간 달성과 100% 호출 성공률을 자랑합니다. 솔루션 ...,코딩테스트
82,1,학부연구생 개발자의 인턴 경험과 커리어,IN THIS WORK · 인디스워크,2023-05-23,https://www.youtube.com/watch?v=nU75wtd-lQ4,글로벌기업의 신입 및 주니어경력 채용공고 보러가기 : https://inthiswork.com/ 인디스워크의 현직자 인터뷰 - IN THIS INTERVIEW ...,코딩테스트
83,0,개발자 만나거 인증 간다,니코씌,2023-05-23,https://www.youtube.com/watch?v=Qk_f5f_493w,개발자 만났다 이것들아.,코딩테스트
84,0,그로쓰 26 SideAffect:) 초보개발자를 위한 프로젝트 팀원 매칭 서비스,이화여자대학교 컴퓨터공학과 작품전,2023-05-23,https://www.youtube.com/watch?v=KOowfesbarc,,코딩테스트
85,0,"[경이로운 소문] MS, 개발자대회 ‘빌드 2023’서 AI 혁신 내놓는다? / 머니투데이방송 (증시, 증권)",MTN 머니투데이방송,2023-05-23,https://www.youtube.com/watch?v=Hp2wJzKDtNw,05/23 성공! 마감전략 (출연) 이형빈 MTN W 어드바이저 * 에스와이 추천 2거래일 만에 +27.34% (최고가 기준) * 덕신하우징 추천 6 ...,코딩테스트
86,0,ai기반 챗봇 개발자,이젠아카데미컴퓨터 분당미금,2023-05-23,https://www.youtube.com/watch?v=_NnDvWw_2vA,,코딩테스트
87,0,개발자들이 출시하고 버려둔 워테일즈 3회차 Wartales 2,루이스리,2023-05-23,https://www.youtube.com/watch?v=PLtVr83XlpI,,코딩테스트
88,0,2023 5월17일 개발자를 이겨라 [앙리성 지하 대탐험]편,판도라의위기 [판위],2023-05-23,https://www.youtube.com/watch?v=bdpsIHmWyxU,테런 #테일즈런너 #개발자.,코딩테스트
89,1,[EncarTech 2023] 주니어 개발자의 좌충우돌 성장기 | 김동원,EncarTech (엔카테크),2023-05-23,https://www.youtube.com/watch?v=pH9Asx4WB0s,[EncarTech 2023] 주니어 개발자의 좌충우돌 성장기 | 김동원.,코딩테스트
90,0,개발자: &quot; 대만이 야타 못하네&quot;,kevin chang,2023-05-23,https://www.youtube.com/watch?v=iheFoCIbTew,,코딩테스트
91,0,"KT 에이블스쿨 4기 모집! 기업이 원하는 AI개발자, DX컨설턴트가 되고 싶다면 지금 도전하세요!",KT - 케이티,2023-05-23,https://www.youtube.com/watch?v=qbgcKYcyIm8,"기업 실무형 교육 그 자체. 취업은 덤. 함께 만들어가는 Learning Journey, 에.이.블.스.쿨! 기업이 원하는 AI개발자, DX컨설턴트가 되고 ...",코딩테스트
92,0,"[JOB다한] 바이브컴퍼니 어시스턴트개발그룹 챗봇 개발자 직무 소개 l Chatbot, AI, 소프트웨어 개발, 아키텍트, 챗GPT l JOB다한 5편",바이브VAIV,2023-05-23,https://www.youtube.com/watch?v=hSvfPUAcq-A,지루한 직무 소개 영상은 안녕!     바이브컴퍼니에 대한 솔직한 생각부터! 상세한 직무 소개까지! 'JOB다한' JOB다한 - 어시스턴트 ...,코딩테스트
93,0,vlog 직장인브이로그 | 개발자 철수 후 이사하기(feat. 이삿짐) | 쉬어가는 한주,YuYuJajuk 유유자적라이프-vlog,2023-05-22,https://www.youtube.com/watch?v=HD6_XrYkQ6Y,emmmak1019@gmail.com Camera | iPhone 12pro Edit | Vllo iPad air 5 Laptop | samsung galaxy book pro #workvlog #직장인 ...,코딩테스트
94,0,르 모나의 운명은.... 외 다양한 개발자 인터뷰 팟케스트 번역-데스티니 가디언즈-,인간나그네,2023-05-22,https://www.youtube.com/watch?v=GrQXGPiC7TQ,데스티니_가디언즈 정보출처 https://youtu.be/gycJHo3J3rs 0:00 인트로 0:12 불멸자 왜 이렇게 강했나? 1:27 불멸자 패치가 느렸던 ...,코딩테스트
95,0,sub | 게임중독 직장인 브이로그 | 판교 AI 개발자는 이렇게 살아요,sudy 수디,2023-05-22,https://www.youtube.com/watch?v=SVfTaGlIgtI,안녕하세요 여러분 너무 오랜만이죠.. 저 대학원 무사졸업하고 직장인브이로그로 돌아왔습니다!!!! 전에 봐주시던 감사한 분들이 ...,코딩테스트
96,0,M24 너프!! 5/22 개발자 메세지 │ 베일드 엑스퍼트,Necro 해린,2023-05-22,https://www.youtube.com/watch?v=LsBrQ9ulP7s,추후 더 자세한 패치노트가 나올 수 있습니다 ----------------------------------------------------------- ※게임 : 베일드 엑스퍼트 VEILED ...,코딩테스트
97,0,개발자는 사이판제도애서 돌아온 일본군이고 고위직은 카톡충 말타여잼인 근본부대 1화,파워,2023-05-22,https://www.youtube.com/watch?v=B11kNTYm4Zk,,코딩테스트
98,0,나이트크로우 운영진 개발자분들 (그 강을 건너지 마오),이문주,2023-05-22,https://www.youtube.com/watch?v=BSH2-2cNGDs,shorts #나이트크로우 방송은 방송일뿐 재미로 봐주세요 ! 구독과 좋아요는 사랑입니다. 감사합니다 ↓↓더보기 클릭↓↓ VIP 스폰서 ...,코딩테스트
99,0,"[캐치 커리어 콘] 삼성출신 개발자, 블록체인 업계를 선택한 이유는?ㅣ클레이튼재단 기술총괄 인터뷰",캐치TV,2023-05-22,https://www.youtube.com/watch?v=Cn1kmczRmw8,더 많은 블록체인 커리어가 궁금하다면? 캐치 VOD클래스에서 무료 다시보기! https://bit.ly/42TJlBX ▽제휴/출연 문의 및 사연 제보▽ ...,코딩테스트
100,0,[빅데이터 개발자 과정],국비지원 무료교육 정보센터 ,2023-05-22,https://www.youtube.com/watch?v=v9CL7Uja1wY,안녕하세요 국비지원 무료교육 정보센터입니다 개발자 과정을 원하시면 아래의 링크를 통해 휴먼교육센터 홈페이지를 방문해주세요 ...,코딩테스트
101,0,#대구스타트업 을 뒤흔들 👾개발자X창업가 네트워킹파티 [파우치] ✨,대구창조경제혁신센터,2023-05-22,https://www.youtube.com/watch?v=VRr0bZH3VIw,"여러분 오랜만입니다, 바쁜 5월이군요 이번엔 4월 25일 화요일, #클러치 베타캠퍼스에서 진행한 #파우치 행사 스케치 영상을 들고 ...",코딩테스트
102,0,휴먼교육센터 개발자 교육학원,휴먼티브이,2023-05-22,https://www.youtube.com/watch?v=yy9VA-3cgUY,"안녕하세요 휴먼티브이입니다 개발자 관심이 있으시면 휴먼교육센터 방문상담 오셔서 커리큘럼,취업상담,교육과정 등 다양한 정보를 ...",코딩테스트
103,0,"[re:COMMIT] Go 언어, 어디에 써야 할까? - 이호민 개발자",goorm 모두가 개발자가 된다 ,2023-05-22,https://www.youtube.com/watch?v=w55w82ZZVEI,"re:COMMIT? re:COMMIT은 한 달에 한 번 수요일에 기술, 개발, 성장, 조직 문화 등을 이야기하는 구름의 온·오프라인 세미나인 ...",코딩테스트
104,1,개발자를 넘어 기술 리더로 가는 길,DECODING,2023-05-22,https://www.youtube.com/watch?v=r2OAqQZI9ws,여러분은 가까운 미래에 매니저와 기술 리더의 갈림길에 서게 될 거에요. 매니저의 길은 이미 많은 사람이 걸어본 길이라 비교적 ...,코딩테스트
105,0,Live] 시드니 개발자 아저씨 케빈의 개발자 방송 Live,케빈 TV,2023-05-22,https://www.youtube.com/watch?v=BO5JiAIiqDg,Live] 시드니 개발자 아저씨 케빈의 개발자 방송 Live ------- 다양한 IT / 개발자 방송을 케빈 TV에서 만나 보세요! 유튜브 채널: ...,코딩테스트
106,0,개발자도 설명을 포기한 게임 속 숨겨진 마을,이름 𝗲𝗲𝗿𝗲𝘂𝗺,2023-05-22,https://www.youtube.com/watch?v=G3spJl4FfmA,과연 이 마을의 정체는 무엇일까요...? 여러분이 생각하시는 의견을 댓글로 남겨주세요! 영상 내용이 크게 무섭지는 않지만 일부 시청자 ...,코딩테스트
107,0,"챗GPT 개발자 샘 알트먼, 미 청문회에 출석 / 킴 카다시안 닮고 싶고 싶었던 미 모델 사망ㅣ사따차",더깊이10,2023-05-22,https://www.youtube.com/watch?v=BeF_JWAYqIE,"사람아이앤지의 따듯하고 차가운 뉴스, 사따차 *방송응원하는 가장 좋은 방법ㅣ시청료 1005-202-923936(우리은행, 사람ing 정준호) ...",코딩테스트
108,0,아는 만큼 보이는 크롬 개발자 도구 - 로컬스토리지,제주코딩베이스캠프,2023-05-22,https://www.youtube.com/watch?v=A4ESksGBPh4,프론트엔드 개발자라면 알아야 할 크롬 개발자 도구를 함께 배워봅시다 [공식문서] https://developer.chrome.com/docs/devtools/,코딩테스트
109,0,2023 05 21 개발자 상담소,코드팩토리,2023-05-22,https://www.youtube.com/watch?v=xcVw0sjQa3Q,코드팩토리 통합링크 https://links.codefactory.ai 플러터 초보강의 https://bit.ly/3tflvR6 플러터 중급강의 https://bit.ly/3PKecdl 코드 ...,코딩테스트
110,0,원조개발자가 만든 최강 칸캠핑카,#캠핑박사 김병도,2023-05-22,https://www.youtube.com/watch?v=0VX9tr7gs5o,999원조개발자 김병도 010 2464 7727 #캠핑 #캠핑카 #999 #이삭캠핑카 #삼부레져칸999 캠핑카레져캠핑카 #캠핑박사 #김병도 #칸 ...,코딩테스트
111,0,개발자들이 출시하고 버려둔 워테일즈 3회차 Wartales 1,루이스리,2023-05-21,https://www.youtube.com/watch?v=uHZEjaBOiSk,난이도 숙련 숙련 자유 지역잠금 이번에는 12렙으로 양학을 느끼며 간다...,코딩테스트
112,0,3년차 개발자의 진짜 진짜 별 거 없는 재택 브이로그 | GVLOG #14,마정이 MAJUNGE,2023-05-21,https://www.youtube.com/watch?v=v7iuWbMZnBM,오랜만에 돌아왔습니다 :) 이제는 자주 올리도록 할게요~ 지켜봐주세요! ㅎㅎ p.s. 배경음악으로 사용했던 음원중에 이슈가 있어서 재 ...,코딩테스트
113,0,잼못타 개발자님이 보셔야 될것 같은영상 (어드민 맵) #알고리즘,게브BS,2023-05-21,https://www.youtube.com/watch?v=SEgOmIfckjY,,코딩테스트
114,0,어랏? 이거 왜 꿀팁이지? 별거 아니지만 화장품개발자도 애용하는 꿀팁🫶❤️ #스꿀#해외뷰티꿀팁#뷰티꿀팁#스칼렛꿀팁#beautyhacks#beautytips#글로시립#화장품개발자,스칼렛 언니,2023-05-21,https://www.youtube.com/watch?v=JansxOeMAFI,,코딩테스트
115,0,개발자끼리 결혼하면 이렇게 됩니다.. 일상 대화 상태 무엇..?.. (+ 그냥 이번주 일상),판교 뚜벅쵸,2023-05-21,https://www.youtube.com/watch?v=4jB5Caesi3s,판교뚜벅쵸 #판뚜 #날것vlog #개발자vlog #개발자브이로그 #판교vlog #판교브이로그 #개발자커플 #개발자부부 --- 00:00 여름 맞이 ...,코딩테스트
116,0,2023 5월17일 개발자를 이겨라 [초 스피드 앗 비좁아]편,판도라의위기 [판위],2023-05-21,https://www.youtube.com/watch?v=xIV2pWfCgOA,테런 #테일즈런너 #개발자.,코딩테스트
117,0,chat GPT 사용으로 곧 사라질 직업은? 개발자 입장에서 본 챗GPT 솔직한 느낌 chatGPT 쳇! ㅣ챗GPT의 한계ㅣ(ft. S/W 백앤드 개발자),직썰TV: 모든 직무에 대해 썰을 풀다,2023-05-21,https://www.youtube.com/watch?v=ZHHQ8y1VbIw,취업#면접#승진#이직 대기업 상업용 부동산 자산관리 직무 담당자를 만나서 '상업용 부동산 자산관리' 직무에 대한 모든 것을 물어 ...,코딩테스트
118,0,언제까지 러시아 개발자만 쓸 거야,능지,2023-05-21,https://www.youtube.com/watch?v=FthuQAWPw8I,"유럽 HQ라고 번지르르 하게 HQ 딱지 달아 놨는데 EU HQ는 영어 공지 쓰고, 유럽 쪽 반응만 전달할 뿐이고 게임 운영, 개발에 관여할 ...",코딩테스트
119,0,"개발자들의 진심이 담긴 AK-47(카스토프 762) solo 20, 23kill | 콜오브듀티 워존 2.0",인치,2023-05-21,https://www.youtube.com/watch?v=AFU2Pkev2sE,인치 생방송 - https://www.twitch.tv/inch1_97 BGM :https://www.youtube.com/watch?v=Bd5Of76Ylg4 [Video Source Support] ...,코딩테스트
120,0,지금 안 보면 후회할걸? 👨🏻‍💻 비전공자도 쉽게 개발자 되는 방법 대공개!,제이컴퍼니 - IT 개발 전문 채널,2023-05-21,https://www.youtube.com/watch?v=QNg6oRuCQnE,지금 안 보면 후회할걸? ‍   비전공자도 쉽게 개발자 되는 방법 대공개!,코딩테스트
121,0,『23.05.19 :: 파반느 2장 개발자 토크 + 데카그라마톤 끝까지! 』 - 이해찌 다시보기,이해찌의 해찌실록🎥,2023-05-21,https://www.youtube.com/watch?v=6czClF8FLt8,주말 내내 휴방인 적이 잘 없는데 이번 주가 그런 날이라서 .. 다들 해손실 채우시길! 중간 1시간21분부터 23분까지는 노래 저작권으로 ...,코딩테스트
122,0,실리콘밸리 개발자 로니의 주말보내기⭐️,Roni 로니,2023-05-21,https://www.youtube.com/watch?v=EHir4_5DDz8,Music by Epidemic Sound #메타 #페이스북 #인턴브이로그.,코딩테스트
123,0,2023-05-20 테런 개발자를 이겨라!,데이트,2023-05-20,https://www.youtube.com/watch?v=04zP-0fnnmg,,코딩테스트
124,0,console.log(&quot;개발자의 와이퍼&quot;);,진격의 피로그래머,2023-05-20,https://www.youtube.com/watch?v=aeGjasOs7X0,와이퍼 #WindshieldWiper #슬램덩크 #SlamDunk #특이점이온다 #TheSingularityIsNear #멋짐이폭발 #있어빌리티 #자매품 #애미 ...,코딩테스트
125,0,로블록수 경력x 가능 부대 개발자 뽑습니다 댓글 링크,파늘부대,2023-05-20,https://www.youtube.com/watch?v=fEnK2axsOHc,,코딩테스트
126,0,상상부대 개발자모집,마자컨트리볼,2023-05-20,https://www.youtube.com/watch?v=e_i-H5K6oUc,,코딩테스트
127,0,개발자 부부 🧑‍💻👩‍💻 주말 판교 데이트 🐰🌭,판교 신혼쀼,2023-05-20,https://www.youtube.com/watch?v=forbiahnaWY,판교 개발자 주말판교 브이로그 #개발자브이로그 #판교 #브이로그 #개발자 #판교개발자.,코딩테스트
128,0,4강.개발자로써 갖추어야 할 능력은???,코딩형,2023-05-20,https://www.youtube.com/watch?v=bb5-ouR5GQo,,코딩테스트
129,0,경제적 자유를 꿈꾸며 퇴사한 개발자의 습관 N가지,갓반인 TV,2023-05-20,https://www.youtube.com/watch?v=xkZES2jWgjA,경제 #habits #자기계발 #경제적자유.,코딩테스트
130,0,개발자가 꼭 가야하는 세미나 정리 | 인프론 festa io,큰돌의터전,2023-05-20,https://www.youtube.com/watch?v=rzAf7HA0p6k,CS지식의 정석 https://inf.run/17Fb ▷C++ 10주완성 코딩테스트 https://inf.run/xZhA.,코딩테스트
131,0,2023 5월17일 개발자를 이겨라 [차사 훈련소],판도라의위기 [판위],2023-05-20,https://www.youtube.com/watch?v=xIf1weUPOqU,테런 #테일즈런너 #개발자.,코딩테스트
132,0,개발자는 언더테일을 좋아해 (신규 어빌리티 본 리뷰),로충,2023-05-20,https://www.youtube.com/watch?v=8CZpc2n0Jb0,로블록스 #abilitywars.,코딩테스트
133,0,워썬더 개발자가 공개한 수25T 와 수39 골뱅!!,늑대9,2023-05-20,https://www.youtube.com/watch?v=1L8RSLkVS8g,출처 https://www.youtube.com/live/Wjdvg5L7jmQ?feature=share https://www.youtube.com/live/ZPhZZzXNlZ0?feature=share.,코딩테스트
134,0,게임 개발자를 인게임에서 만났습니다?,뉴비 지옥-뉴비천국 모름,2023-05-20,https://www.youtube.com/watch?v=Pe0rOiL8Z2g,shrots #shortsvideo #biggames.,코딩테스트
135,1,내가 SI개발자가 되기까지의 성장과정,흑우촌,2023-05-20,https://www.youtube.com/watch?v=AkGS2UvwIac,내가 SI개발자가 된 슬픈이유... 그리고 대학교때부터 고달픈 날들... 재밌게 봐주셔서 감사합니다. #중소기업 #SI개발자 #성장과정 ...,코딩테스트
136,0,매니저가 잘라버리고 싶은 소프트웨어 개발자 유형 5가지,Bit by Bit - 코딩으로 이뤄가는 아메리칸 드림,2023-05-19,https://www.youtube.com/watch?v=3btcY3S2zss,미국 소프트웨어 개발팀 매니저가 당장 해고하고 싶은 개발자 타입은 무엇일까요? 코딩 실력이 부족한 개발자일까요? 매니저는 고성 ...,코딩테스트
137,0,개발자도 예상 못한 방법?,카페인과다복용,2023-05-19,https://www.youtube.com/watch?v=Atjdu0CiDXc,5/19 젤다의전설 :왕눈 플레이 방송.,코딩테스트
138,1,개발자 연봉 5천이상 받는 포트폴리오 공개 ( feat. 랩티메이트 IOT 스마트케이지),팀노바,2023-05-19,https://www.youtube.com/watch?v=D72CWgiF7Y0,랩티메이트 시연영상 https://youtu.be/V4PwQGCUWwk 팀노바 홈페이지 https://www.teamnova.co.kr/ 노프팀장이메일 ...,코딩테스트
139,0,워썬더 개발자 봄캣 공개!!,늑대9,2023-05-19,https://www.youtube.com/watch?v=YBalvRlYTi8,출처 https://www.youtube.com/live/Wjdvg5L7jmQ?feature=share https://www.youtube.com/live/ZPhZZzXNlZ0?feature=share.,코딩테스트
140,0,SI개발자) 개발자되면 여친생김?? 내가 겪은 사내불륜썰..,흑우촌,2023-05-19,https://www.youtube.com/watch?v=m325GncO2qA,안녕하세요 이번에는 SI개발자 대리의 느낀점을 촬영했는데요 너무 재미가없고 탠션도 낮아서 급하게 노선을 변경하게 되었습니다.,코딩테스트
141,0,[나이트크로우] 개발자님들 마법봉 떡상 가나요?,게임할가영,2023-05-19,https://www.youtube.com/watch?v=p-S9gsDmwk0,게임하는 아나운서 :) ♥ 투네이션 : https://toon.at/donate/637885298960013913 ♥ 카톡 : gameky ♥ 멤버십 ...,코딩테스트
142,0,이터널 리턴 개발자 일지 같이 보기2 [루미아섬 토목공사],톱니고래,2023-05-19,https://www.youtube.com/watch?v=ziM1IIBAf-Y,어이 매씨 그만 씨부리고 밥이나 쳐먹어 #톱니고래 #이터널리턴 #매그너스.,코딩테스트
143,0,"노래 이름:러쿨벌,개발자:서여지,박성은",운녀 백,2023-05-19,https://www.youtube.com/watch?v=5NpdO87QQXE,,코딩테스트
144,0,개발자가 추는 #테디베어 #teddybear #stayc,Jae Young Park,2023-05-19,https://www.youtube.com/watch?v=uFr0rMgyUy8,dance #challenge #kpop #shorts.,코딩테스트
145,0,개발자의 러시아워 챌린지 #크러쉬 #crush #swagg,Jae Young Park,2023-05-19,https://www.youtube.com/watch?v=GobEcNGJG0U,dance #challenge #shorts #hiphop.,코딩테스트
146,0,Apple 신제품 공개 임박! 애플 세계 개발자 회의 WWDC23,SnapN 스냅엔,2023-05-19,https://www.youtube.com/watch?v=9eHPCFgieQA,6월 5일! Apple의 가장 큰 축제! 애플 세계개발자회의 WWDC23이 개최됩니다. 과연 어떤 OS 업데이트와 신제품 정보들이 공개될까요 ...,코딩테스트
147,0,세븐나이츠 레볼루션 이젠 진짜 접을 때인가.. 답 없는 개발자 라이브 [사키엘TV],사키엘 TV,2023-05-19,https://www.youtube.com/watch?v=gpv6s5_Ofy4,사키엘TV 정보 -구독하기[http://www.youtube.com/channel/UCjQjwGA8twwbOxo_NTnl9hg?sub_confirmation=1] -사키엘 블로그 ...,코딩테스트
148,0,[web 꿀팁]_개발자 도구로 flex 쉽게 확인하기,[즐기는자],2023-05-19,https://www.youtube.com/watch?v=i-bOZCQZJ9k,,코딩테스트
149,0,핵무기 개발자 로버트 오펜하이머#어록,성인군자 마인드셋 ,2023-05-19,https://www.youtube.com/watch?v=aHOVBPkjJ8Y,8월 영화로 개봉되는 오펜하이머 주인공의 명언을 준비해 봤습니다. #명언 #오펜하이머 #동기부여 #영화 #동기부여명언 #운동명언 ...,코딩테스트
150,0,개발자 집주소 삽니다 [Mess의 모험],심두,2023-05-19,https://www.youtube.com/watch?v=jt8GidAJUaY,"종합게임 #스팀게임 #웃김 #게임방송 #공포게임 #메스의 모험 #고양이마리오 - 트위치 ""심두"" : https://www.twitch.tv/jhsim0709 - 방송 ...",코딩테스트
151,0,디자이너가 지고 개발자가 이긴 상품,뫄옹,2023-05-19,https://www.youtube.com/watch?v=AML7CFgBw7I,비즈니스 문의 : dndmu77@gmail.com.,코딩테스트
152,0,[블루 아카이브] 태엽 감는 꽃의 파반느 편 ~개발자 코멘터리~,블루 아카이브,2023-05-19,https://www.youtube.com/watch?v=styZyZX_u3o,지금 만나러 가기: https://nexon.link/5L0 #블루아카이브.,코딩테스트
153,0,다잉라이트2: 개발자가 못 올라가게 만든 언덕 뚫어서 올라가기,버그MASTER,2023-05-19,https://www.youtube.com/watch?v=iEB36ch_4qc,오랜만에 접속했더니 버그가 막혀버려서 바로 뚫어버린 나 #버그 #다잉라이트2 #언덕.,코딩테스트
154,0,개발자가 감정적이면 안되는 이유 ( 우리의 의사결정과 감정),팀노바,2023-05-19,https://www.youtube.com/watch?v=AYzNyhuBbe0,개발자가 감정에의해 컨트롤 되면 안되는 이유 [한 길 사람 속은?] 살면서 직면하는 감정과 의사결정 / YTN 사이언스 ...,코딩테스트
155,0,"아는 만큼 보이는 크롬 개발자 도구 - 콘솔 주의사항(let, const 선언)",제주코딩베이스캠프,2023-05-19,https://www.youtube.com/watch?v=paCZLY1XapU,프론트엔드 개발자라면 알아야 할 크롬 개발자 도구를 함께 배워봅시다 [공식문서] https://developer.chrome.com/docs/devtools/,코딩테스트
156,0,아는 만큼 보이는 크롬 개발자 도구 - 영상 속도 조절하기,제주코딩베이스캠프,2023-05-19,https://www.youtube.com/watch?v=dTgHKCIqDNc,프론트엔드 개발자라면 알아야 할 크롬 개발자 도구를 함께 배워봅시다 [공식문서] https://developer.chrome.com/docs/devtools/,코딩테스트
157,0,일본 도쿄 브이로그 | 도쿄 개발자 도쿄역으로 출근길. 오피스 구경하고 퇴근 후 공원에서 맥주까지.,준수 JUNSU,2023-05-18,https://www.youtube.com/watch?v=8ZNcCxvlgQc,안녕하세요. 드디어 이번엔 말도 좀 했어요. 다음엔 더 많이 해볼게요. 친구한테 다음에 브이로그 찍는거 도와달라고 부탁해놔서 ...,코딩테스트
158,0,바람의나라:연) 개발자서신+격투가 스킬세팅(지옥사냥터),백수,2023-05-18,https://www.youtube.com/watch?v=2Vz7N4uN-Cw,1. Song : Ujabes - Siamese cat (샴) • [저작권 없는 음악 BGM] 브... Music provided by Ujabes of RAUMI Music promoted by 프리 ...,코딩테스트
159,0,[그림자복도]그림자복도2 개발자 트위터 해석 영상 1편,Four 9,2023-05-18,https://www.youtube.com/watch?v=iLqqEZ296hQ,[그림자복도]그림자복도2 개발자 트위터 해석 영상 1편.,코딩테스트
160,0,풍신 레버 개발자 vs 가든 | 2023년 4월 22일,삼보 폴의 철권태그,2023-05-18,https://www.youtube.com/watch?v=xq7f6YH-yxQ,00:00 - 1경기 (풍신 레버 개발자 승) 03:30 - 2경기 (가든 승) 05:55 - 3경기 (가든 승),코딩테스트
161,0,제대로 이해하는 XML | 개발자필수지식,큰돌의터전,2023-05-18,https://www.youtube.com/watch?v=WXo4CDSvMUI,CS지식의 정석 https://inf.run/17Fb ▷C++ 10주완성 코딩테스트 https://inf.run/xZhA.,코딩테스트
162,0,보트 /PE보트 / 보트개발자 박진열 010-28526072,박진열,2023-05-18,https://www.youtube.com/watch?v=aft_Q44J9Xw,공장 울산 울주군 온양읍 용당내광로 361-14 지엔 대표 박진열 0102852-6072 https://band.us/n/a1a982uaw5Q1S ...,코딩테스트
163,0,"[나이트워커] 0518 개발자의 편지, 4가지 승부수? (Night walker)",단곰,2023-05-18,https://www.youtube.com/watch?v=wY9PSYjzMK8,나이트워커 #최강의군단 #nightwalker ㅡㅡㅡㅡㅡㅡㅡㅡㅡㅡㅡㅡㅡㅡㅡㅡㅡㅡㅡ 영상 더보기를 눌러 아래 글을 확인해보세요!,코딩테스트
164,0,세계 시뮬레이션 개발자의 정체,신은 존재하는가 [기독교 관점],2023-05-18,https://www.youtube.com/watch?v=-5IvQdiZUF8,시뮬레이션 이론을 들으신 적이 있나요? 세상이 시뮬레이션이라면 우리는 그걸 알아차리지 못했지만 분명 이 세상을 개발한 개발자가 ...,코딩테스트
165,0,2023 5월 개발자를 이겨라 거미거미편,판도라의위기 [판위],2023-05-18,https://www.youtube.com/watch?v=bHnv1aTUaT4,테런 #테일즈런너 #개발자.,코딩테스트
166,0,[붕괴: 스타레일] 개발자 통신 살펴보기,링스타,2023-05-18,https://www.youtube.com/watch?v=t54Z6LewwWY,붕괴 #스타레일 #붕괴스타레일 #honkaistarrail ver 1.1 업데이트 방향은?,코딩테스트
167,0,개발자 팟캐스트 인터뷰 내용 #데스티니가디언즈,롱탐의 Game Hub,2023-05-18,https://www.youtube.com/watch?v=4GmtTeqTPDI,https://www.reddit.com/r/DestinyTheGame/comments/13kjfw4/massive_breakdown_of_the_chris_proctor_rodney/ 해당 인터뷰 ...,코딩테스트
168,0,앞으로 나이 많은 신입 개발자는?,팀노바,2023-05-18,https://www.youtube.com/watch?v=pa_pw6SGiso,팀노바 홈페이지 https://www.teamnova.co.kr/ 노프팀장이메일 manadra@naver.com 팀노바공식연락처 010-7255-2316 팀노바 ...,코딩테스트
169,0,"[나무도령TV] 안녕하세요, 나무도령입니다😀 | 개발자에서 무당이 되기까지... | #나무도령 #애동제자 #서울점집 | 010-6562-3447",나무도령TV,2023-05-18,https://www.youtube.com/watch?v=MUpUtHL__Ss,"나무도령 #애동제자 #점사 #용한점집 #서울점집 안녕하세요, 나무도령입니다   구독, 좋아요, 알림설정 부탁드립니다. ▫️ 예약번호 ...",코딩테스트
170,0,뽀삐 개발자도 모르는 디테일,세체뽀,2023-05-18,https://www.youtube.com/watch?v=-A0XqK-35wc,"트위치 생방송 주소 : https://www.twitch.tv/godqhr122 - 뽀삐 세계 1위 세체뽀 - 트위치 유튜브 추천, 구독, 알림 설정 부탁드려요.",코딩테스트
171,0,2023년 5월 개발자를 이겨라 너굴너굴편,판도라의위기 [판위],2023-05-18,https://www.youtube.com/watch?v=26JMVCAmdhQ,테런 #테일즈런너 #개발자.,코딩테스트
172,0,2023 정보보호 개발자 교육과정 온라인 설명회,한국정보보호산업협회,2023-05-18,https://www.youtube.com/watch?v=LNkOUkg71ak,,코딩테스트
173,0,인생 포기하려다가 개발자로 대기업 가게 만든 이것 | 코딩 독학 노하우 포함  | 1부,우리밋_woorimIT,2023-05-18,https://www.youtube.com/watch?v=lbhcekoWMXo,개발자 #개발자강의 #개발강의 영상은 어떠셨나요? 그 동안 개발자가 되기까지의 스토리를 정말 정말 압축해서 소개드렸습니다.,코딩테스트
174,0,[개발자 교육과정] datetime 라이브러리,국비지원 무료교육 정보센터 ,2023-05-18,https://www.youtube.com/watch?v=PmA86ZmzBVk,안녕하세요 국비지원 무료교육 정보센터입니다 오늘의 교육내용은 datetime 라이브러리 과정내용입니다 휴먼교육센터는 국비지원 ...,코딩테스트
175,0,[스타레일] 개발자 통신 소식 알아보기,갓챠맨,2023-05-18,https://www.youtube.com/watch?v=FP65Xmb3lbM,모바일게임 #붕괴스타레일.,코딩테스트
176,0,Jetson 개발자 밋업   &#39;스마트팩토리 및 물류자동화&#39;,MDS테크,2023-05-18,https://www.youtube.com/watch?v=xAczTOCgN4g,,코딩테스트
177,0,프리랜서디자이너작가장윤정컴퓨터사람이야기개발자장석준김애경장윤정,장윤정,2023-05-18,https://www.youtube.com/watch?v=ttgQHYpvv2A,,코딩테스트
178,0,지루한 레이싱맵을 산책이라 포장하는 레전드 상황 [개발자맵 리뷰],마이페이,2023-05-18,https://www.youtube.com/watch?v=gJK1YfN_M5Q,,코딩테스트
179,0,개발자들과 마블스냅 간담회 후기 [크라니쉬 마블스냅],통갈비,2023-05-18,https://www.youtube.com/watch?v=Cnwv7hx10Bw,[크라니쉬 다시보기] 방송일자 - 2023. 05. 16 Kranich 풀영상 : youtube.com/@longgalbi Kranich Cafe ...,코딩테스트
180,0,현재 제일 잘나가는 한국 인디게임 개발자들에게 물어본 다인개발 vs 1인개발,밥벌이인터뷰,2023-05-18,https://www.youtube.com/watch?v=PXz1V6Lr-3g,나이트메어 더 루나틱 게임만 게임소개를 못 시켜드려 죄송합니다. https://www.youtube.com/watch?v=1ArRi5Pvy8w (소개영상) 세 ...,코딩테스트
181,0,개발자의 사랑이 넘치는 게임(=잦은 업뎃) _Havendock,J연이,2023-05-18,https://www.youtube.com/watch?v=FRbw1c31ENg,Twitch : https://www.twitch.tv/sayniey (닉네임 : 세이니ㅡ) 후원하기 : https://toon.at/donate/sayniey 공지사항 : 디스코드 ...,코딩테스트
182,0,독학하는 개발자를 위한 딥러닝 스터디 가이드,BLUEDOT,2023-05-18,https://www.youtube.com/watch?v=WnhjvwXcBxI,"알고리즘을 개발하는 블루닷에서는 다른 분야의 엔지니어가 딥러닝을 연구하고, 개발하기도 합니다. 성과가 증명하는 블루닷의 ...",코딩테스트
183,0,&#39;성균관대 박재인님&#39; 아이들을 위한 교육용 메타버스 개발자 대학생,소프트웨어중심대학협의회,2023-05-18,https://www.youtube.com/watch?v=2PA-9RRLABM,SW중심대학_인재열전 #성균관대 #소프트웨어학과 [SW인재열전_성균관대 박재인님] 2022 SW인재페스티벌   우수작품 ...,코딩테스트
184,0,아는 만큼 보이는 크롬 개발자 도구 - 콘솔 사용하기,제주코딩베이스캠프,2023-05-18,https://www.youtube.com/watch?v=jwaM5ri1jYE,프론트엔드 개발자라면 알아야 할 크롬 개발자 도구를 함께 배워봅시다 [공식문서] https://developer.chrome.com/docs/devtools/,코딩테스트
185,0,성공적인 개발자의 예상 밖의 자질,Bit by Bit - 코딩으로 이뤄가는 아메리칸 드림,2023-05-18,https://www.youtube.com/watch?v=tOUxdf_0IBQ,소프트웨어 개발자는 코딩만 잘한다고 인정받고 고속 승진을 하지 않습니다. 특히 미국 직장에서 영향력을 넓히고 임팩트 있는 성과를 ...,코딩테스트
186,0,[nz vlog] 3년차 개발자의 한가로운 재택근무 + 주말 | 직장인 | 20대 | 헬창,정창,2023-05-18,https://www.youtube.com/watch?v=7lVzYyA1Xz8,현재 뉴질랜드 웰링턴에서 살고 있는 평범한 개발자 입니다~ 궁금한거 있으면 물어봐주세요! @chang_9701.,코딩테스트
187,0,자바 개발자를 위한 스칼라 강의 미리보기 - 06 스칼라 개발환경   빌드 툴,hatemogi,2023-05-17,https://www.youtube.com/watch?v=qZT3NaJUGto,나머지 전체 강의는 인프런에 (유료) 공개될 예정입니다.,코딩테스트
188,0,자바 개발자를 위한 스칼라 강의 미리보기 - 27 스칼라 단일 오브젝트,hatemogi,2023-05-18,https://www.youtube.com/watch?v=0AOZWf_M_Ko,나머지 전체 강의는 인프런에 (유료) 공개 예정입니다.,코딩테스트
189,0,&quot;인간처럼 스스로 추론&quot;…챗GPT 개발자도 美 의회서 &quot;규제 논의 필요&quot;,뉴스TVCHOSUN,2023-05-17,https://www.youtube.com/watch?v=ckhOhLL0fz8,"인공지능, #AI기술 의 발전으로 우리 삶이 편리해질 거란 기대가 있지만, 부작용을 걱정하는 목소리도 갈수록 커지고 있습니다. 오늘 미 ...",코딩테스트
190,0,원조개발자가 As 책임지고 있는 이삭캠핑카999 690 790,#캠핑박사 김병도,2023-05-17,https://www.youtube.com/watch?v=nMeptUUZfZQ,캠핑 #캠핑카 #999 #이삭캠핑카 #삼부레져칸999 캠핑카레져캠핑카 #캠핑박사 #김병도 #칸 캠핑카 #칸캠핑카 #캠핑카수리 #캠핑카 ...,코딩테스트
191,0,&quot;죽는게 두려워요&quot; 개발자한테 폭로한 AI 로봇,지식돼지,2023-05-17,https://www.youtube.com/watch?v=FE9IJnpUouE,인공지능 #미스테리 #chatgpt 안녕하세요 꿀. 지식을 먹고 크는 지식 돼지입니다. 오늘은 지구상에서 가장 똑똑한 AI 인공지능에 ...,코딩테스트
192,0,자바 개발자를 위한 스칼라 미리보기 - 03 왜 스칼라를 배울까?,hatemogi,2023-05-17,https://www.youtube.com/watch?v=MbRW-4JWar4,전체 강의는 인프런에 공개될 예정입니다.,코딩테스트
193,0,"자바 개발자를 위한 스칼라 강의 미리보기 - 02 강의 대상과 목표, 강사 소개",hatemogi,2023-05-17,https://www.youtube.com/watch?v=2_FOEhBaqcU,전체 강의는 인프런에 공개될 예정입니다.,코딩테스트
194,0,자바 개발자를 위한 스칼라 강의 미리보기 - 01 자바와 스칼라,hatemogi,2023-05-17,https://www.youtube.com/watch?v=1xMMbHH2Jjo,전체 강의는 인프런에 공개될 예정입니다.,코딩테스트
195,0,🚨개발자가 직접 얘기해 준《파피 플레이타임》챕터3 플레이케어의 모습!!,고스트햄,2023-05-17,https://www.youtube.com/watch?v=WlnKfySS8vg,개발자가 말한《파피 플레이타임》챕터3 플레이케어의 모습!! -플레이케어 팬메이드 참고영상: ...,코딩테스트
196,0,IT 개발자 교육과정 홍보영상,국비지원 무료교육 정보센터 ,2023-05-17,https://www.youtube.com/watch?v=fGasaScOxDE,안녕하세요 국비지원 무료교육 정보 센터입니다 휴먼교육센터는 국비지원 과정에서 취업까지 최고의 교육 프로세스를 갖고 있습니다 ...,코딩테스트
197,0,"말을 잘 하고 싶은 개발자의 한달 책 읽기 챌린지 | 커뮤니케이션, 소통 능력 키우기 | 책 추천 책 리뷰 | 자기계발",경아 KyungA,2023-05-17,https://www.youtube.com/watch?v=tqxbERQMFMg,노르잇 투명독서대 보러가기 https://smartstore.naver.com/7743 영상에 나오는 책은 모두 대여 및 내돈내산입니다 Instagram ...,코딩테스트
198,0,이터널 리턴 개발자 일지 같이 보기 1,톱니고래,2023-05-17,https://www.youtube.com/watch?v=WqvGK0tcQ2E,먼저 저의 패치로 인해 큰 피해를 입으신..... #톱니고래 #이터널리턴 #매그너스.,코딩테스트
199,0,[개발자 교육과정] datetime 라이브러리,휴먼티브이,2023-05-17,https://www.youtube.com/watch?v=ZEOTZYDtYkA,"안녕하세요 휴먼티브이입니다 오늘의 교육내용은 datetime 라이브러리 과정내용입니다 재밌게 보셨으면 구독,좋아요,알림설정 부탁 ...",코딩테스트
200,0,성남 NO.1 성남IT개발자 전문학원입니다.,이젠IT컴퓨터아카데미,2023-05-17,https://www.youtube.com/watch?v=O0BNV_gLSGw,성남IT개발자 전문 학원 이젠 IT 모란점은 오랫동안 많은 수강생을 육성하고 나온 노하우로 수강생을 위한 강의를 진행하겠습니다.,코딩테스트
201,0,예비 개발자들에게 조언,T1530 @ 이랜서,2023-05-17,https://www.youtube.com/watch?v=YIVcQLDWX3c,카카오출신 #개발자.,코딩테스트
202,0,개발자의 가장 중요한 능력,T1530 @ 이랜서,2023-05-17,https://www.youtube.com/watch?v=x4Jz9I4fV_o,카카오출신 #개발자.,코딩테스트
203,0,풀스택개발자 되는방법!!│채용확정형│비전공자 개발자,구트 아카데미 (GOOTT Academy),2023-05-17,https://www.youtube.com/watch?v=pTPVZ2Ee-Ho,"코딩의 기초부터 기업채용까지 진행되는 취업 풀-과정, 5월 풀스택 개발자 채용확정형 교육생 선착순 모집안내 백엔드, 풀스택 개발자 ...",코딩테스트
204,0,[항해는 다르다] 현직 최고 수준의 시니어 개발자가 가르칩니다.,개발자 취업은 항해99,2023-05-17,https://www.youtube.com/watch?v=x1EkpTc2ar4,"""본질적인 개발자로서의 역량을 키우는 데에 항해만한 게 없는 거 같습니다."" - 항해99 13기 수강생 이민재 님 단기간에도 취업과 ...",코딩테스트
205,0,[Java] 초보 개발자가 많이 하는 실수 9 - import가 필요한 이유와 switch-case문의 활용법,인천일보아카데미,2023-05-17,https://www.youtube.com/watch?v=k9wTvI1nCzs,인천일보아카데미 튜터가 직접 알려주는 '초보 개발자가 많이 하는 실수'! 9탄은 'import가 필요한 이유와 switch-case문의 활용법 ...,코딩테스트
206,0,[죽전개발자학원] 국비로 진행되는 프론트엔트&amp;리액트 과정 알아볼까요?,두드림컴퓨터아카데미,2023-05-17,https://www.youtube.com/watch?v=bvTgGiL5RTw,,코딩테스트
209,0,20230524 6교시React Vscode IntelliJ sqldeveloper Pilot Project Blog Front-End Back-End(Full-Stack),spatacobra 코딩공부 수업내용,2023-05-24,https://www.youtube.com/watch?v=IOkhgHeYmlc,블로그(Blog) 프로젝트 와부라이브러리 설정하기 App.js 추가 이미지 아이콘 클릭 SimpleLightboxCom.js 만들기 BootstrapIcons.js ...,코딩테스트
210,0,20230524 4교시React Vscode IntelliJ sqldeveloper Pilot Project Blog Front-End Back-End(Full-Stack),spatacobra 코딩공부 수업내용,2023-05-24,https://www.youtube.com/watch?v=6F4lKhBaT8Q,블로그(Blog) 1교시 만들기 프로젝트 와부라이브러리 설정하기 cmd 쳐서 밑에거 복사붙임 npx create-react-app frontend-react ...,코딩테스트
211,0,20230524 3교시 Vscode React axios IntelliJ sqldeveloper Front-End Back-End(Full-Stack),spatacobra 코딩공부 수업내용,2023-05-24,https://www.youtube.com/watch?v=rLmK1I-X0vM,Vscode Front-End 이미지 상세페이지 만들기 Gallery.js 만들기 연습문제 AddGallery.js IntelliJ Back-End(Full-Stack) ...,코딩테스트
212,0,20230524 2교시 Vscode React axios IntelliJ sqldeveloper Front-End Back-End(Full-Stack),spatacobra 코딩공부 수업내용,2023-05-24,https://www.youtube.com/watch?v=oOotdkA6Fy4,Vscode Front-End 이미지 상세페이지 만들기 Gallery 만들기 연습문제 IntelliJ Back-End(Full-Stack) FileDbController.java 이미지 ...,코딩테스트
213,0,20230524 1-1교시 Vscode React axios IntelliJ sqldeveloper Front-End Back-End(Full-Stack),spatacobra 코딩공부 수업내용,2023-05-24,https://www.youtube.com/watch?v=YFlwJh3TvAg,Vscode Front-End 이미지 상세페이지 만들기 FileDb.js html 만들기(JavaScript) IntelliJ Back-End(Full-Stack) FileDbService.java ...,코딩테스트
214,0,NuxtJS 3 + TailwindCSS :: Front-end 개발 기초 강좌,Hamt,2023-05-23,https://www.youtube.com/watch?v=rzVr25VHW5E,NuxtJS 3 정말 명확하고 쉽네요. 매우 간결한 사용법으로 앞으로 굉장히 사랑하게 될 것 같습니다. 지금까지 학습 한 내용을 나눕니다.,코딩테스트
215,0,와이프 개발 한 달째 상태 #코딩공부 #코딩 #코딩기초 #프론트엔드,와개만TV - 와이프 개발자 만들기 성장 드라마,2023-05-23,https://www.youtube.com/watch?v=wT7tx55kXCE,,코딩테스트
216,0,20230523 8교시 Vscode React axios IntelliJ sqldeveloper Front-End Back-End(Full-Stack),spatacobra 코딩공부 수업내용,2023-05-23,https://www.youtube.com/watch?v=6ByCar4iJkA,Vscode Front-End 이미지 상세페이지 만들기 FileDb.js html 만들기(JavaScript) IntelliJ Back-End(Full-Stack),코딩테스트
217,0,프론트엔드개발 5월22일,이승진,2023-05-23,https://www.youtube.com/watch?v=QR_8dOUrr5c,,코딩테스트
218,0,프론트엔드프레임웍 5월22일,이승진,2023-05-23,https://www.youtube.com/watch?v=MBzSXco2AjU,,코딩테스트
219,0,20230523 7교시 Vscode React axios IntelliJ sqldeveloper Front-End Back-End(Full-Stack),spatacobra 코딩공부 수업내용,2023-05-23,https://www.youtube.com/watch?v=oc9ya8eF81A,Vscode Front-End TABLE 필수함수들 만들기 이미지 (JavaScript) AddGallery.js html 만들기 IntelliJ Back-End(Full-Stack) 이미지 ...,코딩테스트
220,0,20230523 6-2교시 Vscode React axios IntelliJ sqldeveloper Front-End Back-End(Full-Stack),spatacobra 코딩공부 수업내용,2023-05-23,https://www.youtube.com/watch?v=_K_CXix_D9E,Vscode Front-End TABLE 필수함수들 만들기 이미지 (JavaScript) App.js 추가 GalleryList.js html 만들기 IntelliJ ...,코딩테스트
221,0,20230523 6-1교시 Vscode React axios IntelliJ sqldeveloper Front-End Back-End(Full-Stack),spatacobra 코딩공부 수업내용,2023-05-23,https://www.youtube.com/watch?v=LTVMtyOz3-E,IntelliJ Back-End(Full-Stack) 이미지저장 함수 이미지 업로드 출력 하기 Gallery.java GalleryService.java GalleryController.java ...,코딩테스트
222,0,20230523 5교시 Vscode React axios IntelliJ sqldeveloper Front-End Back-End(Full-Stack),spatacobra 코딩공부 수업내용,2023-05-23,https://www.youtube.com/watch?v=I8UFcy7lPQQ,Vscode Front-End TABLE 필수함수들 만들기 이미지 (JavaScript) App.js 추가 GalleryList.js html 만들기 GalleryDataService.js ...,코딩테스트
223,0,20230523 4교시 Vscode React axios IntelliJ sqldeveloper Front-End Back-End(Full-Stack),spatacobra 코딩공부 수업내용,2023-05-23,https://www.youtube.com/watch?v=5-wpjOManNM,Vscode Front-End TABLE 필수함수들 만들기 이미지 (JavaScript) IntelliJ Back-End(Full-Stack) 이미지저장 함수 이미지 업로드 출력 ...,코딩테스트
224,0,20230523 3교시 Vscode React axios IntelliJ sqldeveloper Front-End Back-End(Full-Stack),spatacobra 코딩공부 수업내용,2023-05-23,https://www.youtube.com/watch?v=kMFetmCFooc,Vscode Front-End TABLE 필수함수들 만들기 이미지 AddFileDb.js html 자바스크립트 짜기 (JavaScript) IntelliJ ...,코딩테스트
225,0,20230523 2교시 Vscode React axios IntelliJ sqldeveloper Front-End Back-End(Full-Stack),spatacobra 코딩공부 수업내용,2023-05-23,https://www.youtube.com/watch?v=z6iYgUgfkqE,Vscode Front-End TABLE 필수함수들 만들기 이미지 AddFileDb.js html 자바스크립트 짜기 (JavaScript) IntelliJ ...,코딩테스트
226,0,20230523 1교시 Vscode React axios IntelliJ sqldeveloper Front-End Back-End(Full-Stack),spatacobra 코딩공부 수업내용,2023-05-23,https://www.youtube.com/watch?v=_DtBljPo2yg,Vscode Front-End TABLE 필수함수들 만들기 이미지 Upload 프로젝트 추가하기 .js 자바스크립트 짜기 (JavaScript) IntelliJ ...,코딩테스트
227,0,20230522 8교시 Vscode React axios IntelliJ sqldeveloper Front-End Back-End(Full-Stack),spatacobra 코딩공부 수업내용,2023-05-22,https://www.youtube.com/watch?v=_Dt79z4qZeI,Vscode Front-End TABLE 필수함수들 만들기 이미지 Upload 프로젝트 추가하기 FileDbList.js 자바스크립트 짜기 (JavaScript) IntelliJ ...,코딩테스트
228,0,20230522 7교시 Vscode React axios IntelliJ sqldeveloper Front-End Back-End(Full-Stack),spatacobra 코딩공부 수업내용,2023-05-22,https://www.youtube.com/watch?v=Zk4cAiHo4xw,Vscode Front-End TABLE 필수함수들 만들기 이미지 Upload 프로젝트 추가하기 FileDbDataService.js 만들기 FileDbList.js html ...,코딩테스트
229,0,20230522 6교시 Vscode React axios IntelliJ sqldeveloper Front-End Back-End(Full-Stack),spatacobra 코딩공부 수업내용,2023-05-22,https://www.youtube.com/watch?v=1TI8skHidrA,Vscode Front-End TABLE 필수함수들 만들기 이미지 Upload 프로젝트 추가하기 App.js 추가하기 FileDbDataService.js 만들기.,코딩테스트
230,0,20230522 5교시 Vscode React axios IntelliJ sqldeveloper Front-End Back-End(Full-Stack),spatacobra 코딩공부 수업내용,2023-05-22,https://www.youtube.com/watch?v=7V4XH2XufNI,Vscode Front-End TABLE 필수함수들 만들기 Qna.js 만들기 이미지 업로드 IntelliJ Back-End(Full-Stack)j +++++QnaService+++++ ...,코딩테스트
231,0,20230522 2교시 Vscode React axios IntelliJ sqldeveloper Front-End Back-End(Full-Stack),spatacobra 코딩공부 수업내용,2023-05-22,https://www.youtube.com/watch?v=xsAkH9xCyAc,Vscode Front-End QnaDataService.js uri 파일 추가 QnarList.js 추가 파일 만들기 TABLE 필수함수들 만들기 AddQna.js html 추가 ...,코딩테스트
232,0,"프론트엔드 취업에 유리한 프레임워크 알려드릴게요ㅣReact, Vue, Angular",메타코드M,2023-05-21,https://www.youtube.com/watch?v=sC9EuEIfwnE,프론트엔드 #react #개발자 현직자가 알려주는 프론트엔드 취업에 가장 유리한 프레임워크! ▷출연문의 contact us (기업교육 / 책홍보 ...,코딩테스트
233,0,1분만에 이해하는 프론트엔드,Kapschip,2023-05-20,https://www.youtube.com/watch?v=YD1-hnvVJq0,프론트엔드 백엔드라는 구분은 일반적으로 개발자분들마다 기준이 다르지만 아주 간략하게 개념만 짚었습니다. 지적은 달게 밭 ...,코딩테스트
234,0,프론트엔드 개발의 함정! 피해야 할 7가지,프롱트,2023-05-20,https://www.youtube.com/watch?v=gO7mAAlmXdY,사실 웹 개발뿐 아니라 모든 개발자들에게도 도움이 되는 내용입니다^^ #프론트엔드 #개발 #frontend #웹개발.,코딩테스트
235,0,Datadog 웨비나: Datadog으로 프론트엔드 애플리케이션을 모니터링하고 최적화하는 법,Datadog Korea,2023-05-19,https://www.youtube.com/watch?v=JjyKFEZG5Dw,,코딩테스트
236,0,20230519 8교시 Vscode React axios IntelliJ sqldeveloper Front-End Back-End(Full-Stack),spatacobra 코딩공부 수업내용,2023-05-19,https://www.youtube.com/watch?v=lwTjW2Svw2E,Front-End CustomerDataService.js uri 파일 추가 CustomerList.js 추가 파일 만들기 TABLE 필수함수들 만들기 AddCustomer.js html ...,코딩테스트
237,0,20230519 7교시 Vscode React axios IntelliJ sqldeveloper Front-End Back-End(Full-Stack),spatacobra 코딩공부 수업내용,2023-05-19,https://www.youtube.com/watch?v=tP-72yzARj8,Vscode Front-End CustomerDataService.js uri 파일 추가 CustomerList.js 추가 파일 만들기 TABLE 필수함수들 만들기 ...,코딩테스트
238,0,"[용인프로그래밍학원] 프론트엔드 과정 용어를 알아볼까요? : HTML,CSS,JavaScript,J Query",두드림컴퓨터아카데미,2023-05-19,https://www.youtube.com/watch?v=oqBvpRRKyFY,,코딩테스트
239,0,20230519 6교시 Vscode React axios IntelliJ sqldeveloper Front-End Back-End(Full-Stack),spatacobra 코딩공부 수업내용,2023-05-19,https://www.youtube.com/watch?v=7jpC_K4-eVk,Vscode Front-End CustomerDataService.js uri 파일 추가 CustomerList.js 추가 파일 만들기 TABLE 필수함수들 만들기 ...,코딩테스트
240,0,20230519 5교시 Vscode React axios IntelliJ sqldeveloper Front-End Back-End(Full-Stack),spatacobra 코딩공부 수업내용,2023-05-19,https://www.youtube.com/watch?v=CoMwMc4oeak,Vscode Front-End CustomerDataService.js uri 파일 추가 CustomerList.js 추가 파일 만들기 TABLE 필수함수들 만들기 IntelliJ ...,코딩테스트
241,0,20230519 3-2교시 Vscode React axios IntelliJ sqldeveloper Front-End Back-End(Full-Stack),spatacobra 코딩공부 수업내용,2023-05-19,https://www.youtube.com/watch?v=vP7JnuSEgUg,"Vscode Front-End FaqAccodianList.js App.js import 추가 CustomerDataService.js uri 파일 추가 AddCustomer.js, Customer.js, ...",코딩테스트
242,0,프론트엔드프레임웍 5월17일,이승진,2023-05-19,https://www.youtube.com/watch?v=mxx5Pwx_jOY,,코딩테스트
243,0,20230519 1교시 Vscode React axios IntelliJ sqldeveloper Front-End Back-End(Full-Stack),spatacobra 코딩공부 수업내용,2023-05-19,https://www.youtube.com/watch?v=c1w73iLCOIY,Vscode Front-End ui 추가하기 scss폴더에 custom.scss 파일 넣기 faq-accodian 폴더 만들기 FaqAccodianList.js AddFaqAccodian.js ...,코딩테스트
244,0,프론트엔드개발 5월17일,이승진,2023-05-19,https://www.youtube.com/watch?v=9dlSAR7_CBY,,코딩테스트
245,0,[LIVE] ALOHA 2023-05-18 프론트엔드 09일차 - 오후,ALOHA CLASS,2023-05-18,https://www.youtube.com/watch?v=nZzh15btJpQ,[LIVE] ALOHA 2023-05-18 프론트엔드 09일차 - 오후.,코딩테스트
246,0,[LIVE] ALOHA 2023-05-18 프론트엔드 09일차 - 오전,ALOHA CLASS,2023-05-18,https://www.youtube.com/watch?v=zjNpzp3savA,[LIVE] ALOHA 2023-05-18 프론트엔드 09일차 - 오전.,코딩테스트
247,0,20230518 4교시 Vscode React axios IntelliJ sqldeveloper Front-End Back-End(Full-Stack),spatacobra 코딩공부 수업내용,2023-05-18,https://www.youtube.com/watch?v=hWG-GV29yOY,Vscode React Front-End Emp.js 만들기 IntelliJ Back-End(Full-Stack) EmpService.java EmpController.java 만들기.,코딩테스트
248,0,20230518 6교시 Vscode React axios IntelliJ sqldeveloper Front-End Back-End(Full-Stack),spatacobra 코딩공부 수업내용,2023-05-18,https://www.youtube.com/watch?v=l8MCHvMEKmE,Vscode Front-End App.js 추가함수 Faq.js AddFaq.js FaqList.js htm 만들기.,코딩테스트
249,0,20230518 5교시 Vscode React axios IntelliJ sqldeveloper Front-End Back-End(Full-Stack),spatacobra 코딩공부 수업내용,2023-05-18,https://www.youtube.com/watch?v=YuYutpkQAcA,IntelliJ Back-End(Full-Stack) EmpController.java 만들기 상세조회 삭제 함수 Vscode Front-End Faq.js html 만들기.,코딩테스트
250,0,20230518 3교시 Vscode React axios IntelliJ sqldeveloper Front-End Back-End(Full-Stack),spatacobra 코딩공부 수업내용,2023-05-18,https://www.youtube.com/watch?v=VKzOYjBUOBg,Vscode React Front-End Dept.js HTML 주석 달기 만들기 IntelliJ Back-End(Full-Stack) DeptService.java DeptController.java.,코딩테스트
251,0,20230517 8교시 Vscode React axios IntelliJ sqldeveloper Front-End Back-End(Full-Stack),spatacobra 코딩공부 수업내용,2023-05-17,https://www.youtube.com/watch?v=pWy4W-1CRfw,Vscode Front-End AddDept.ja 함수 주석달기 만들기 IntelliJ sqldeveloper Back-End(Full-Stack) DeptService.java 저장 함수 : 리 ...,코딩테스트
252,0,[LIVE] ALOHA 2023-05-17 프론트엔드 08일차 - 오후,ALOHA CLASS,2023-05-17,https://www.youtube.com/watch?v=qVbLtBDuZ7Y,[LIVE] ALOHA 2023-05-17 프론트엔드 08일차 - 오후.,코딩테스트
253,0,20230517 6교시 Vscode React axios IntelliJ sqldeveloper Front-End Back-End(Full-Stack),spatacobra 코딩공부 수업내용,2023-05-17,https://www.youtube.com/watch?v=pZsiuW6VETs,Front-End EmpList.js HTML 파일 구조분석 후 JavaScript 전체 조회 함수 만들기.,코딩테스트
254,0,테킷 프론트엔드 스쿨 7기 사전설명회 LIVE,LIKELION,2023-05-17,https://www.youtube.com/watch?v=Iz1dXetcHzk,테킷 프론트엔드 스쿨 7기 마감임박! 성원에 힘입어 다시 돌아왔어요. 프론트엔드 특화 3단계 커리큘럼은 비전공자도 충분히 따라올 ...,코딩테스트
255,0,20230517 5교시 Vscode React axios IntelliJ sqldeveloper Front-End Back-End(Full-Stack),spatacobra 코딩공부 수업내용,2023-05-17,https://www.youtube.com/watch?v=rHDelUL3SVo,Vscode React App.js EmpDataService.js EmpList.js 전체 조회 함수 만들기.,코딩테스트
256,0,[LIVE] ALOHA 2023-05-17 프론트엔드 08일차 - 오전,ALOHA CLASS,2023-05-17,https://www.youtube.com/watch?v=j4nWe1ewloA,[LIVE] ALOHA 2023-05-17 프론트엔드 08일차 - 오전.,코딩테스트
258,0,PHP회원사이트만들기 #34 회원관리 회원수정 백엔드,왕초보 홈페이지만들기,2023-05-25,https://www.youtube.com/watch?v=gBRAiwbJzYo,관리자 영역의 회원관리 페이지를 작업합니다. 그 중에서 회원수정부분 PHP 백엔드 부분진행합니다.,코딩테스트
259,0,백엔드프레임웍 5월22일,이승진,2023-05-23,https://www.youtube.com/watch?v=ecC9X10iKoc,,코딩테스트
260,0,1분만에 이해하는 백엔드,Kapschip,2023-05-20,https://www.youtube.com/watch?v=MFIxhcUeMeE,프론트엔드 백엔드라는 구분은 일반적으로 개발자분들마다 기준이 다르지만 아주 간략하게 개념만 짚었습니다. 지적은 달게 받겠 ...,코딩테스트
261,0,백엔드프레임우웍 5월17일,이승진,2023-05-19,https://www.youtube.com/watch?v=NWPk8QG326c,,코딩테스트
264,0,설계능력 키워주는 힌트형 AI챗봇으로 코딩테스트 똑똑하게 준비하는 법,algorithm jobs,2023-05-26,https://www.youtube.com/watch?v=WChBiQuR6To,대기업 코딩테스트 대비는 알고리즘잡스   * 몰입캠프의 독보적인 커리큘럼과 더 많은 수강생의 후기를 홈페이지에서 확인하세요!,코딩테스트
265,0,남의 코드를 보고 맞추려 하는 코딩은 이제 그만!,algorithm jobs,2023-05-26,https://www.youtube.com/watch?v=3DgDxbp_8Iw,대기업 코딩테스트 대비는 알고리즘잡스   * 몰입캠프의 독보적인 커리큘럼과 더 많은 수강생의 후기를 홈페이지에서 확인하세요!,코딩테스트
266,0,구현(응용) - 문제 7 키패드 누르기 - 내일은 코딩테스트 실전문제 풀이,김앤북,2023-05-24,https://www.youtube.com/watch?v=CEmowsiVFOk,내일은 코딩테스트 실전문제 풀이 구현(응용) 문제 7 키패드 누르기 해당 강의는 『내일은 코딩테스트』 도서의 구성 중 Chapter 5.,코딩테스트
267,0,구현(응용) - 문제 6 기사단원의 무기 - 내일은 코딩테스트 실전문제 풀이,김앤북,2023-05-24,https://www.youtube.com/watch?v=4F955xbBuQ8,내일은 코딩테스트 실전문제 풀이 구현(응용) 문제 6 기사단원의 무기 해당 강의는 『내일은 코딩테스트』 도서의 구성 중 Chapter 5.,코딩테스트
268,0,구현(응용) - 문제 5 공원 산책 - 내일은 코딩테스트 실전문제 풀이,김앤북,2023-05-24,https://www.youtube.com/watch?v=RCV8tBUDAhU,내일은 코딩테스트 실전문제 풀이 구현(응용) 문제 5 공원 산책 해당 강의는 『내일은 코딩테스트』 도서의 구성 중 Chapter 5.,코딩테스트
269,0,구현(응용) - 문제 4 덧칠하기 - 내일은 코딩테스트 실전문제 풀이,김앤북,2023-05-24,https://www.youtube.com/watch?v=AwDITMxIRcU,내일은 코딩테스트 실전문제 풀이 구현(응용) 문제 4 덧칠하기 해당 강의는 『내일은 코딩테스트』 도서의 구성 중 Chapter 5.,코딩테스트
270,0,구현(응용) - 문제 3 캐릭터의 좌표 - 내일은 코딩테스트 실전문제 풀이,김앤북,2023-05-24,https://www.youtube.com/watch?v=iUa-zAumJVY,내일은 코딩테스트 실전문제 풀이 구현(응용) 문제 3 캐릭터의 좌표 해당 강의는 『내일은 코딩테스트』 도서의 구성 중 Chapter 5.,코딩테스트
271,0,구현(응용) - 문제 2 평행 - 내일은 코딩테스트 실전문제 풀이,김앤북,2023-05-24,https://www.youtube.com/watch?v=31SSRZoNa9Q,내일은 코딩테스트 실전문제 풀이 구현(응용) 문제 2 평행 해당 강의는 『내일은 코딩테스트』 도서의 구성 중 Chapter 5. 실전 문제의 ...,코딩테스트
272,0,구현(응용) - 문제 1 안전지대 - 내일은 코딩테스트 실전문제 풀이,김앤북,2023-05-24,https://www.youtube.com/watch?v=uNHhCtEjAxY,내일은 코딩테스트 실전문제 풀이 구현(응용) - 문제 1 안전지대 해당 강의는 『내일은 코딩테스트』 도서의 구성 중 Chapter 5.,코딩테스트
273,0,코딩 테스트 알고리즘 - Merge Sort (문제 응용하기),하루코딩,2023-05-22,https://www.youtube.com/watch?v=Kzzp5XSBu8g,Merge Sort 알고리즘 문제풀이 및 응용 영상입니다. #알고리즘 #코딩테스트 #백준 #정렬 #병합정렬 [영상 구간 설명] 00:00 문제 설명 ...,코딩테스트
274,0,코딩테스트 변형문제 어려운 사람 주목! 몰입캠프 실수강생이 알려주는 변형문제 쉽게 푸는법!,algorithm jobs,2023-05-22,https://www.youtube.com/watch?v=OeYdlzm7R-8,대기업 코딩테스트 대비는 알고리즘잡스   * 몰입캠프의 독보적인 커리큘럼과 더 많은 수강생의 후기를 홈페이지에서 확인하세요!,코딩테스트
275,0,🤖 해외취업 코딩테스트? 이 중 하나는 나온다!! ~ 코딩테스트 현실 기출문제 ~ 시니어 개발자의 알짜배기 노하우 및 꿀팁 방출 ~.~,뉴질랜드 히피 🌱,2023-05-21,https://www.youtube.com/watch?v=rsoEs-ppw1M,해외취업 #뉴질랜드 #코딩테스트 Chapters: 0:00 Intro 0:45 유형 1. 질의 응답 / 토론형 3:37 유형 2. Pair programming 페어 ...,코딩테스트
276,0,매일코딩테스트,SangdoMarket,2023-05-19,https://www.youtube.com/watch?v=VsnfgR3PUss,,코딩테스트
277,0,대기업과 중소기업의 코딩 테스트,[오제이 튜브]OJ Tube,2023-05-19,https://www.youtube.com/watch?v=FKHaEDNEwR8,[OJ TUBE 정보] 0. 임베디드 강의 (완료) https://www.youtube.com/playlist?list=PLz--ENLG_8TNjRg1OtyFBvUyV4PHaKwmu ...,코딩테스트
278,0,"[카카오 코딩테스트 풀이 2023] 1,2,3 떨어트리기 같이 풀어보기",스윗지니,2023-05-18,https://www.youtube.com/watch?v=BbEgDWNPZ7U,"카카오 코테 2023 1,2,3 떨어트리기 같이 풀어보기 문제 링크: https://school.programmers.co.kr/learn/courses/30/lessons/150364 ...",코딩테스트
279,0,매일코딩테스트,SangdoMarket,2023-05-18,https://www.youtube.com/watch?v=4TsageQeFWA,,코딩테스트
280,0,[SOFTEER] HSAT 1회 정기 코딩 인증평가 해설 - 로봇이 지나간 경로🤖,미래인재TV,2023-05-17,https://www.youtube.com/watch?v=pSQFppjv5Sk,코딩 #알고리즘 #SW 2022년 1차 Softeer 정기 역량 진단 '로봇이 지나간 경로' 문제 해설강의 입니다. softeer 인증평가 이동 ...,코딩테스트
